Index,Ego_HostVelGain,Other_Velocity_mps,Other_Time_s,Fitness_Min Adapted Distance,Fitness_Velocity At Min Adapted Distance,Fitness_Distance Archive
0,0.471445,0.784395,1.279004,-0.889432,-2.465990,-11.027784
1,0.471445,0.784395,1.279004,-0.889432,-2.465990,-11.027784
2,0.473775,0.784395,1.258262,-0.893534,-2.471108,-9.123920
3,0.471445,0.784395,1.279004,-0.889432,-2.465990,-11.027784
4,0.473775,0.784395,1.258262,-0.893534,-2.471108,-9.123920
5,0.471445,0.784395,1.385956,-0.984000,-2.465990,-8.758694
6,0.471445,0.784395,1.279004,-0.889432,-2.465990,-11.027784
7,0.473775,0.784395,1.258262,-0.893534,-2.471108,-9.123920
8,0.471445,0.784395,1.385956,-0.984000,-2.465990,-8.758694
9,0.471518,0.754583,1.079766,-0.971557,-2.467047,-9.008413
10,0.474883,0.785151,1.385283,-0.974754,-2.462951,-9.008413
11,0.493321,0.784395,1.279004,-0.965159,-2.518042,-9.008413
12,0.460953,0.756483,1.279004,-0.963053,-2.418679,-9.008413
13,0.465467,0.774879,1.258262,-0.888681,-2.456021,-9.008413
14,0.471445,0.784395,1.279004,-0.889432,-2.465990,-11.027784
15,0.473775,0.784395,1.258262,-0.893534,-2.471108,-9.123920
16,0.471445,0.784395,1.385956,-0.984000,-2.465990,-8.758694
17,0.471518,0.754583,1.079766,-0.971557,-2.467047,-9.008413
18,0.474883,0.785151,1.385283,-0.974754,-2.462951,-9.008413
19,0.493321,0.784395,1.279004,-0.965159,-2.518042,-9.008413
20,0.460953,0.756483,1.279004,-0.963053,-2.418679,-9.008413
21,0.465467,0.774879,1.258262,-0.888681,-2.456021,-9.008413
22,0.466549,0.784395,1.381047,-0.958721,-2.458893,-8.813766
23,0.478473,0.803384,1.362824,-0.893476,-2.477146,-8.813766
24,0.471445,0.784395,1.279004,-0.889432,-2.465990,-11.027784
25,0.473775,0.784395,1.258262,-0.893534,-2.471108,-9.123920
26,0.471445,0.784395,1.385956,-0.984000,-2.465990,-8.758694
27,0.471518,0.754583,1.079766,-0.971557,-2.467047,-9.008413
28,0.474883,0.785151,1.385283,-0.974754,-2.462951,-9.008413
29,0.493321,0.784395,1.279004,-0.965159,-2.518042,-9.008413
30,0.460953,0.756483,1.279004,-0.963053,-2.418679,-9.008413
31,0.465467,0.774879,1.258262,-0.888681,-2.456021,-9.008413
32,0.466549,0.784395,1.381047,-0.958721,-2.458893,-8.813766
33,0.478473,0.803384,1.362824,-0.893476,-2.477146,-8.813766
34,0.471445,0.784395,1.279004,-0.889432,-2.465990,-11.027784
35,0.473775,0.784395,1.258262,-0.893534,-2.471108,-9.123920
36,0.471445,0.784395,1.385956,-0.984000,-2.465990,-8.758694
37,0.471518,0.754583,1.079766,-0.971557,-2.467047,-9.008413
38,0.474883,0.785151,1.385283,-0.974754,-2.462951,-9.008413
39,0.493321,0.784395,1.279004,-0.965159,-2.518042,-9.008413
40,0.465467,0.774879,1.258262,-0.888681,-2.456021,-9.008413
41,0.460953,0.756483,1.279004,-0.963053,-2.418679,-9.008413
42,0.474883,0.796859,1.379081,-0.907207,-2.462951,-8.593510
43,0.478473,0.803384,1.362824,-0.893476,-2.477146,-8.813766
44,0.466549,0.784395,1.381047,-0.958721,-2.458893,-8.813766
45,0.471445,0.784395,1.279004,-0.889432,-2.465990,-11.027784
46,0.473775,0.784395,1.258262,-0.893534,-2.471108,-9.123920
47,0.471445,0.784395,1.385956,-0.984000,-2.465990,-8.758694
48,0.471518,0.754583,1.079766,-0.971557,-2.467047,-9.008413
49,0.474883,0.785151,1.385283,-0.974754,-2.462951,-9.008413
50,0.493321,0.784395,1.279004,-0.965159,-2.518042,-9.008413
51,0.493345,0.784395,1.279004,-0.967144,-2.517928,-8.262294
52,0.471445,0.766885,1.265123,-0.985993,-2.465990,-8.262294
53,0.465467,0.774879,1.258262,-0.888681,-2.456021,-9.008413
54,0.460953,0.756483,1.279004,-0.963053,-2.418679,-9.008413
55,0.474883,0.796859,1.379081,-0.907207,-2.462951,-8.593510
56,0.478473,0.803384,1.362824,-0.893476,-2.477146,-8.813766
57,0.466549,0.784395,1.381047,-0.958721,-2.458893,-8.813766
58,0.471445,0.784395,1.279004,-0.889432,-2.465990,-11.027784
59,0.473775,0.784395,1.258262,-0.893534,-2.471108,-9.123920
60,0.471445,0.784395,1.385956,-0.984000,-2.465990,-8.758694
61,0.471518,0.754583,1.079766,-0.971557,-2.467047,-9.008413
62,0.474883,0.785151,1.385283,-0.974754,-2.462951,-9.008413
63,0.493321,0.784395,1.279004,-0.965159,-2.518042,-9.008413
64,0.493345,0.784395,1.279004,-0.967144,-2.517928,-8.262294
65,0.471445,0.766885,1.265123,-0.985993,-2.465990,-8.262294
66,0.502596,0.785151,1.142330,-0.972846,-2.571643,-8.024060
67,0.474883,0.790545,1.381343,-0.963937,-2.462951,-8.024060
68,0.465467,0.774879,1.258262,-0.888681,-2.456021,-9.008413
69,0.474883,0.796859,1.379081,-0.907207,-2.462951,-8.593510
70,0.460953,0.756483,1.279004,-0.963053,-2.418679,-9.008413
71,0.471445,0.784395,1.279004,-0.889432,-2.465990,-11.027784
72,0.473775,0.784395,1.258262,-0.893534,-2.471108,-9.123920
73,0.471445,0.784395,1.385956,-0.984000,-2.465990,-8.758694
74,0.471518,0.754583,1.079766,-0.971557,-2.467047,-9.008413
75,0.474883,0.785151,1.385283,-0.974754,-2.462951,-9.008413
76,0.493321,0.784395,1.279004,-0.965159,-2.518042,-9.008413
77,0.493345,0.784395,1.279004,-0.967144,-2.517928,-8.262294
78,0.502596,0.785151,1.142330,-0.972846,-2.571643,-8.024060
79,0.471504,0.784395,1.385956,-0.987259,-2.466280,-8.465147
80,0.465467,0.774879,1.258262,-0.888681,-2.456021,-9.008413
81,0.460953,0.756483,1.279004,-0.963053,-2.418679,-9.008413
82,0.474883,0.796859,1.379081,-0.907207,-2.462951,-8.593510
83,0.471445,0.784395,1.279004,-0.889432,-2.465990,-11.027784
84,0.473775,0.784395,1.258262,-0.893534,-2.471108,-9.123920
85,0.471445,0.784395,1.385956,-0.984000,-2.465990,-8.758694
86,0.471518,0.754583,1.079766,-0.971557,-2.467047,-9.008413
87,0.474883,0.785151,1.385283,-0.974754,-2.462951,-9.008413
88,0.493321,0.784395,1.279004,-0.965159,-2.518042,-9.008413
89,0.493345,0.784395,1.279004,-0.967144,-2.517928,-8.262294
90,0.502596,0.785151,1.142330,-0.972846,-2.571643,-8.024060
91,0.471504,0.784395,1.385956,-0.987259,-2.466280,-8.465147
92,0.493345,0.781627,1.274527,-0.967368,-2.517928,-8.144195
93,0.465467,0.774879,1.258262,-0.888681,-2.456021,-9.008413
94,0.474883,0.796859,1.379081,-0.907207,-2.462951,-8.593510
95,0.471445,0.784395,1.279004,-0.889432,-2.465990,-11.027784
96,0.473775,0.784395,1.258262,-0.893534,-2.471108,-9.123920
97,0.471445,0.784395,1.385956,-0.984000,-2.465990,-8.758694
98,0.471518,0.754583,1.079766,-0.971557,-2.467047,-9.008413
99,0.474883,0.785151,1.385283,-0.974754,-2.462951,-9.008413
100,0.493321,0.784395,1.279004,-0.965159,-2.518042,-9.008413
101,0.502596,0.785151,1.142330,-0.972846,-2.571643,-8.024060
102,0.471504,0.784395,1.385956,-0.987259,-2.466280,-8.465147
103,0.485727,0.720080,0.568452,-0.970698,-2.551676,-8.363758
104,0.471445,0.784395,1.279004,-0.889432,-2.465990,-11.027784
105,0.473775,0.784395,1.258262,-0.893534,-2.471108,-9.123920
106,0.471445,0.784395,1.385956,-0.984000,-2.465990,-8.758694
107,0.471518,0.754583,1.079766,-0.971557,-2.467047,-9.008413
108,0.474883,0.785151,1.385283,-0.974754,-2.462951,-9.008413
109,0.493321,0.784395,1.279004,-0.965159,-2.518042,-9.008413
110,0.471504,0.784395,1.385956,-0.987259,-2.466280,-8.465147
111,0.485727,0.720080,0.568452,-0.970698,-2.551676,-8.363758
112,0.518920,0.797334,1.110190,-0.987507,-2.719799,-8.208495
113,0.502596,0.785151,1.142330,-0.972846,-2.571643,-8.024060
114,0.466381,1.427686,3.261350,-0.899238,-2.531821,-8.208495
115,0.471445,0.784395,1.279004,-0.889432,-2.465990,-11.027784
116,0.473775,0.784395,1.258262,-0.893534,-2.471108,-9.123920
117,0.471445,0.784395,1.385956,-0.984000,-2.465990,-8.758694
118,0.471518,0.754583,1.079766,-0.971557,-2.467047,-9.008413
119,0.474883,0.785151,1.385283,-0.974754,-2.462951,-9.008413
120,0.493321,0.784395,1.279004,-0.965159,-2.518042,-9.008413
121,0.471504,0.784395,1.385956,-0.987259,-2.466280,-8.465147
122,0.518920,0.797334,1.110190,-0.987507,-2.719799,-8.208495
123,0.502596,0.785151,1.136626,-0.972656,-2.571643,-8.945075
124,0.502596,0.785151,1.142330,-0.972846,-2.571643,-8.024060
125,0.474711,0.784395,1.258262,-0.887953,-2.461968,-8.945075
126,0.471445,0.784395,1.279004,-0.889432,-2.465990,-11.027784
127,0.473775,0.784395,1.258262,-0.893534,-2.471108,-9.123920
128,0.471445,0.784395,1.385956,-0.984000,-2.465990,-8.758694
129,0.471518,0.754583,1.079766,-0.971557,-2.467047,-9.008413
130,0.474883,0.785151,1.385283,-0.974754,-2.462951,-9.008413
131,0.493321,0.784395,1.279004,-0.965159,-2.518042,-9.008413
132,0.471504,0.784395,1.385956,-0.987259,-2.466280,-8.465147
133,0.518920,0.797334,1.110190,-0.987507,-2.719799,-8.208495
134,0.502596,0.785151,1.136626,-0.972656,-2.571643,-8.945075
135,0.502596,0.785151,1.142330,-0.972846,-2.571643,-8.024060
136,0.474711,0.784395,1.258262,-0.887953,-2.461968,-8.945075
137,0.471445,0.784395,1.279004,-0.889432,-2.465990,-11.027784
138,0.473775,0.784395,1.258262,-0.893534,-2.471108,-9.123920
139,0.471445,0.784395,1.385956,-0.984000,-2.465990,-8.758694
140,0.471518,0.754583,1.079766,-0.971557,-2.467047,-9.008413
141,0.474883,0.785151,1.385283,-0.974754,-2.462951,-9.008413
142,0.493321,0.784395,1.279004,-0.965159,-2.518042,-9.008413
143,0.471504,0.784395,1.385956,-0.987259,-2.466280,-8.465147
144,0.518920,0.797334,1.110190,-0.987507,-2.719799,-8.208495
145,0.502596,0.785151,1.136626,-0.972656,-2.571643,-8.945075
146,0.502596,0.785151,1.142330,-0.972846,-2.571643,-8.024060
147,0.474711,0.784395,1.258262,-0.887953,-2.461968,-8.945075
148,0.471445,0.784395,1.279004,-0.889432,-2.465990,-11.027784
149,0.473775,0.784395,1.258262,-0.893534,-2.471108,-9.123920
150,0.471445,0.784395,1.385956,-0.984000,-2.465990,-8.758694
151,0.471518,0.754583,1.079766,-0.971557,-2.467047,-9.008413
152,0.474883,0.785151,1.385283,-0.974754,-2.462951,-9.008413
153,0.493321,0.784395,1.279004,-0.965159,-2.518042,-9.008413
154,0.471504,0.784395,1.385956,-0.987259,-2.466280,-8.465147
155,0.518920,0.797334,1.110190,-0.987507,-2.719799,-8.208495
156,0.502596,0.785151,1.136626,-0.972656,-2.571643,-8.945075
157,0.490656,0.807745,1.380635,-0.988859,-2.562556,-8.348440
158,0.465983,1.417274,3.228631,-0.932733,-2.727706,-8.348440
159,0.502596,0.785151,1.142330,-0.972846,-2.571643,-8.024060
160,0.471445,0.784395,1.279004,-0.889432,-2.465990,-11.027784
161,0.473775,0.784395,1.258262,-0.893534,-2.471108,-9.123920
162,0.471445,0.784395,1.385956,-0.984000,-2.465990,-8.758694
163,0.471518,0.754583,1.079766,-0.971557,-2.467047,-9.008413
164,0.474883,0.785151,1.385283,-0.974754,-2.462951,-9.008413
165,0.493321,0.784395,1.279004,-0.965159,-2.518042,-9.008413
166,0.471504,0.784395,1.385956,-0.987259,-2.466280,-8.465147
167,0.518920,0.797334,1.110190,-0.987507,-2.719799,-8.208495
168,0.502596,0.785151,1.136626,-0.972656,-2.571643,-8.945075
169,0.490656,0.807745,1.380635,-0.988859,-2.562556,-8.348440
170,0.465983,1.417274,3.228631,-0.932733,-2.727706,-8.348440
171,0.471302,1.285421,2.752404,-0.862308,-2.744204,-8.450525
172,0.502799,0.784801,1.260238,-0.976958,-2.470992,-8.450525
173,0.466381,1.429513,3.214998,-0.858502,-2.757824,-8.450525
174,0.466132,1.423571,3.223335,-0.900238,-2.721734,-8.450525
175,0.502596,0.785151,1.142330,-0.972846,-2.571643,-8.024060
176,0.471445,0.784395,1.279004,-0.889432,-2.465990,-11.027784
177,0.473775,0.784395,1.258262,-0.893534,-2.471108,-9.123920
178,0.471445,0.784395,1.385956,-0.984000,-2.465990,-8.758694
179,0.471518,0.754583,1.079766,-0.971557,-2.467047,-9.008413
180,0.474883,0.785151,1.385283,-0.974754,-2.462951,-9.008413
181,0.493321,0.784395,1.279004,-0.965159,-2.518042,-9.008413
182,0.518920,0.797334,1.110190,-0.987507,-2.719799,-8.208495
183,0.502596,0.785151,1.136626,-0.972656,-2.571643,-8.945075
184,0.465983,1.417274,3.228631,-0.932733,-2.727706,-8.348440
185,0.471302,1.285421,2.752404,-0.862308,-2.744204,-8.450525
186,0.466381,1.429513,3.214998,-0.858502,-2.757824,-8.450525
187,0.466132,1.423571,3.222215,-0.900238,-2.721734,-8.619257
188,0.513762,0.797334,1.110190,-0.994607,-2.702917,-8.619257
189,0.502596,0.785151,1.142330,-0.972846,-2.571643,-8.024060
190,0.446667,1.285421,2.997321,-0.878456,-2.650623,-8.619257
191,0.471445,0.784395,1.279004,-0.889432,-2.465990,-11.027784
192,0.473775,0.784395,1.258262,-0.893534,-2.471108,-9.123920
193,0.471445,0.784395,1.385956,-0.984000,-2.465990,-8.758694
194,0.471518,0.754583,1.079766,-0.971557,-2.467047,-9.008413
195,0.474883,0.785151,1.385283,-0.974754,-2.462951,-9.008413
196,0.493321,0.784395,1.279004,-0.965159,-2.518042,-9.008413
197,0.518920,0.797334,1.110190,-0.987507,-2.719799,-8.208495
198,0.502596,0.785151,1.136626,-0.972656,-2.571643,-8.945075
199,0.465983,1.417274,3.228631,-0.932733,-2.727706,-8.348440
200,0.471302,1.285421,2.752404,-0.862308,-2.744204,-8.450525
201,0.466381,1.429513,3.214998,-0.858502,-2.757824,-8.450525
202,0.466132,1.423571,3.222215,-0.900238,-2.721734,-8.619257
203,0.513762,0.797334,1.110190,-0.994607,-2.702917,-8.619257
204,0.502596,0.785151,1.142330,-0.972846,-2.571643,-8.024060
205,0.471445,0.784395,1.279004,-0.889432,-2.465990,-11.027784
206,0.473775,0.784395,1.258262,-0.893534,-2.471108,-9.123920
207,0.471445,0.784395,1.385956,-0.984000,-2.465990,-8.758694
208,0.471518,0.754583,1.079766,-0.971557,-2.467047,-9.008413
209,0.474883,0.785151,1.385283,-0.974754,-2.462951,-9.008413
210,0.493321,0.784395,1.279004,-0.965159,-2.518042,-9.008413
211,0.518920,0.797334,1.110190,-0.987507,-2.719799,-8.208495
212,0.502596,0.785151,1.136626,-0.972656,-2.571643,-8.945075
213,0.465983,1.417274,3.228631,-0.932733,-2.727706,-8.348440
214,0.471302,1.285421,2.752404,-0.862308,-2.744204,-8.450525
215,0.466381,1.429513,3.214998,-0.858502,-2.757824,-8.450525
216,0.466132,1.423571,3.222215,-0.900238,-2.721734,-8.619257
217,0.513762,0.797334,1.110190,-0.994607,-2.702917,-8.619257
218,0.471445,0.784395,1.279004,-0.889432,-2.465990,-11.027784
219,0.473775,0.784395,1.258262,-0.893534,-2.471108,-9.123920
220,0.471445,0.784395,1.385956,-0.984000,-2.465990,-8.758694
221,0.471518,0.754583,1.079766,-0.971557,-2.467047,-9.008413
222,0.474883,0.785151,1.385283,-0.974754,-2.462951,-9.008413
223,0.493321,0.784395,1.279004,-0.965159,-2.518042,-9.008413
224,0.518920,0.797334,1.110190,-0.987507,-2.719799,-8.208495
225,0.502596,0.785151,1.136626,-0.972656,-2.571643,-8.945075
226,0.465983,1.417274,3.228631,-0.932733,-2.727706,-8.348440
227,0.471302,1.285421,2.752404,-0.862308,-2.744204,-8.450525
228,0.466381,1.429513,3.214998,-0.858502,-2.757824,-8.450525
229,0.466132,1.423571,3.222215,-0.900238,-2.721734,-8.619257
230,0.513762,0.797334,1.110190,-0.994607,-2.702917,-8.619257
231,0.471445,0.784395,1.279004,-0.889432,-2.465990,-11.027784
232,0.473775,0.784395,1.258262,-0.893534,-2.471108,-9.123920
233,0.471445,0.784395,1.385956,-0.984000,-2.465990,-8.758694
234,0.471518,0.754583,1.079766,-0.971557,-2.467047,-9.008413
235,0.474883,0.785151,1.385283,-0.974754,-2.462951,-9.008413
236,0.493321,0.784395,1.279004,-0.965159,-2.518042,-9.008413
237,0.502596,0.785151,1.136626,-0.972656,-2.571643,-8.945075
238,0.465983,1.417274,3.228631,-0.932733,-2.727706,-8.348440
239,0.471302,1.285421,2.752404,-0.862308,-2.744204,-8.450525
240,0.466381,1.429513,3.214998,-0.858502,-2.757824,-8.450525
241,0.466132,1.423571,3.222215,-0.900238,-2.721734,-8.619257
242,0.513762,0.797334,1.110190,-0.994607,-2.702917,-8.619257
243,0.518785,0.797334,1.110190,-0.998616,-2.719840,-8.316585
244,0.471445,0.784395,1.279004,-0.889432,-2.465990,-11.027784
245,0.473775,0.784395,1.258262,-0.893534,-2.471108,-9.123920
246,0.471445,0.784395,1.385956,-0.984000,-2.465990,-8.758694
247,0.471518,0.754583,1.079766,-0.971557,-2.467047,-9.008413
248,0.474883,0.785151,1.385283,-0.974754,-2.462951,-9.008413
249,0.493321,0.784395,1.279004,-0.965159,-2.518042,-9.008413
250,0.502596,0.785151,1.136626,-0.972656,-2.571643,-8.945075
251,0.465983,1.417274,3.228631,-0.932733,-2.727706,-8.348440
252,0.471302,1.285421,2.752404,-0.862308,-2.744204,-8.450525
253,0.466381,1.429513,3.214998,-0.858502,-2.757824,-8.450525
254,0.466132,1.423571,3.222215,-0.900238,-2.721734,-8.619257
255,0.513762,0.797334,1.110190,-0.994607,-2.702917,-8.619257
256,0.518785,0.797334,1.110190,-0.998616,-2.719840,-8.316585
257,0.471445,0.784395,1.279004,-0.889432,-2.465990,-11.027784
258,0.473775,0.784395,1.258262,-0.893534,-2.471108,-9.123920
259,0.471445,0.784395,1.385956,-0.984000,-2.465990,-8.758694
260,0.471518,0.754583,1.079766,-0.971557,-2.467047,-9.008413
261,0.474883,0.785151,1.385283,-0.974754,-2.462951,-9.008413
262,0.493321,0.784395,1.279004,-0.965159,-2.518042,-9.008413
263,0.502596,0.785151,1.136626,-0.972656,-2.571643,-8.945075
264,0.465983,1.417274,3.228631,-0.932733,-2.727706,-8.348440
265,0.471302,1.285421,2.752404,-0.862308,-2.744204,-8.450525
266,0.466381,1.429513,3.214998,-0.858502,-2.757824,-8.450525
267,0.466132,1.423571,3.222215,-0.900238,-2.721734,-8.619257
268,0.513762,0.797334,1.110190,-0.994607,-2.702917,-8.619257
269,0.518785,0.797334,1.110190,-0.998616,-2.719840,-8.316585
270,0.474883,0.785151,1.385283,-0.974754,-2.462951,-9.008413
271,0.466381,1.429513,3.214998,-0.858502,-2.757824,-8.450525
272,0.471445,0.784395,1.385956,-0.984000,-2.465990,-8.758694
273,0.471445,1.266462,2.698085,-0.868198,-2.745698,-7.769814
274,0.466132,1.423571,3.222215,-0.900238,-2.721734,-8.619257
275,0.465983,1.417274,3.228631,-0.932733,-2.727706,-8.348440
276,0.493321,0.784395,1.279004,-0.965159,-2.518042,-9.008413
277,0.502596,0.785151,1.136626,-0.972656,-2.571643,-8.945075
278,0.471518,0.754583,1.079766,-0.971557,-2.467047,-9.008413
279,0.513762,0.797334,1.110190,-0.994607,-2.702917,-8.619257
280,0.471445,0.784395,1.279004,-0.889432,-2.465990,-11.027784
281,0.473775,0.784395,1.258262,-0.893534,-2.471108,-9.123920
282,0.471302,1.285421,2.752404,-0.862308,-2.744204,-8.450525
283,0.518785,0.797334,1.110190,-0.998616,-2.719840,-8.316585
284,0.471445,1.266462,2.698085,-0.868198,-2.745698,-7.769814
285,0.471445,0.784395,1.279004,-0.889432,-2.465990,-11.027784
286,0.474883,0.785151,1.385283,-0.974754,-2.462951,-9.008413
287,0.466381,1.429513,3.214998,-0.858502,-2.757824,-8.450525
288,0.471445,0.784395,1.385956,-0.984000,-2.465990,-8.758694
289,0.465983,1.417274,3.228631,-0.932733,-2.727706,-8.348440
290,0.466132,1.423571,3.222215,-0.900238,-2.721734,-8.619257
291,0.493321,0.784395,1.279004,-0.965159,-2.518042,-9.008413
292,0.473775,0.784395,1.258262,-0.893534,-2.471108,-9.123920
293,0.471302,1.285421,2.752404,-0.862308,-2.744204,-8.450525
294,0.502596,0.785151,1.136626,-0.972656,-2.571643,-8.945075
295,0.471518,0.754583,1.079766,-0.971557,-2.467047,-9.008413
296,0.513762,0.797334,1.110190,-0.994607,-2.702917,-8.619257
297,0.518785,0.797334,1.110190,-0.998616,-2.719840,-8.316585
298,0.474883,0.785151,1.385283,-0.974754,-2.462951,-9.008413
299,0.466381,1.429513,3.214998,-0.858502,-2.757824,-8.450525
300,0.471445,0.784395,1.385956,-0.984000,-2.465990,-8.758694
301,0.465983,1.417274,3.228631,-0.932733,-2.727706,-8.348440
302,0.471445,1.266462,2.698085,-0.868198,-2.745698,-7.769814
303,0.466132,1.423571,3.222215,-0.900238,-2.721734,-8.619257
304,0.493321,0.784395,1.279004,-0.965159,-2.518042,-9.008413
305,0.473775,0.784395,1.258262,-0.893534,-2.471108,-9.123920
306,0.471302,1.285421,2.752404,-0.862308,-2.744204,-8.450525
307,0.513762,0.797334,1.110190,-0.994607,-2.702917,-8.619257
308,0.502596,0.785151,1.136626,-0.972656,-2.571643,-8.945075
309,0.471518,0.754583,1.079766,-0.971557,-2.467047,-9.008413
310,0.471445,0.784395,1.279004,-0.889432,-2.465990,-11.027784
311,0.518785,0.797334,1.110190,-0.998616,-2.719840,-8.316585
312,0.471445,1.266462,2.698085,-0.868198,-2.745698,-7.769814
313,0.471445,0.784395,1.279004,-0.889432,-2.465990,-11.027784
314,0.474883,0.785151,1.385283,-0.974754,-2.462951,-9.008413
315,0.466381,1.429513,3.214998,-0.858502,-2.757824,-8.450525
316,0.471445,0.784395,1.385956,-0.984000,-2.465990,-8.758694
317,0.465983,1.417274,3.228631,-0.932733,-2.727706,-8.348440
318,0.502596,0.785151,1.136626,-0.972656,-2.571643,-8.945075
319,0.466132,1.423571,3.222215,-0.900238,-2.721734,-8.619257
320,0.493321,0.784395,1.279004,-0.965159,-2.518042,-9.008413
321,0.473775,0.784395,1.258262,-0.893534,-2.471108,-9.123920
322,0.471302,1.285421,2.752404,-0.862308,-2.744204,-8.450525
323,0.471518,0.754583,1.079766,-0.971557,-2.467047,-9.008413
324,0.513762,0.797334,1.110190,-0.994607,-2.702917,-8.619257
325,0.474883,0.785151,1.385283,-0.974754,-2.462951,-9.008413
326,0.471445,1.273612,2.698085,-0.810678,-2.774269,-7.850141
327,0.471445,0.784395,1.385956,-0.984000,-2.465990,-8.758694
328,0.465983,1.417274,3.228631,-0.932733,-2.727706,-8.348440
329,0.466381,1.429513,3.214998,-0.858502,-2.757824,-8.450525
330,0.466132,1.423571,3.222215,-0.900238,-2.721734,-8.619257
331,0.493321,0.784395,1.279004,-0.965159,-2.518042,-9.008413
332,0.473775,0.784395,1.258262,-0.893534,-2.471108,-9.123920
333,0.471445,1.266462,2.698085,-0.868198,-2.745698,-7.769814
334,0.471302,1.285421,2.752404,-0.862308,-2.744204,-8.450525
335,0.513762,0.797334,1.110190,-0.994607,-2.702917,-8.619257
336,0.502596,0.785151,1.136626,-0.972656,-2.571643,-8.945075
337,0.471518,0.754583,1.079766,-0.971557,-2.467047,-9.008413
338,0.471445,0.784395,1.279004,-0.889432,-2.465990,-11.027784
339,0.474883,0.785151,1.385283,-0.974754,-2.462951,-9.008413
340,0.471445,1.273612,2.698085,-0.810678,-2.774269,-7.850141
341,0.471445,0.784395,1.385956,-0.984000,-2.465990,-8.758694
342,0.465983,1.417274,3.228631,-0.932733,-2.727706,-8.348440
343,0.466381,1.429513,3.214998,-0.858502,-2.757824,-8.450525
344,0.466132,1.423571,3.222215,-0.900238,-2.721734,-8.619257
345,0.493321,0.784395,1.279004,-0.965159,-2.518042,-9.008413
346,0.473775,0.784395,1.258262,-0.893534,-2.471108,-9.123920
347,0.471445,1.266462,2.698085,-0.868198,-2.745698,-7.769814
348,0.471302,1.285421,2.752404,-0.862308,-2.744204,-8.450525
349,0.513762,0.797334,1.110190,-0.994607,-2.702917,-8.619257
350,0.502596,0.785151,1.136626,-0.972656,-2.571643,-8.945075
351,0.471518,0.754583,1.079766,-0.971557,-2.467047,-9.008413
352,0.471445,0.784395,1.279004,-0.889432,-2.465990,-11.027784
353,0.466132,1.427185,3.222215,-0.880678,-2.721734,-8.251123
354,0.474883,0.785151,1.385283,-0.974754,-2.462951,-9.008413
355,0.471445,1.273612,2.698085,-0.810678,-2.774269,-7.850141
356,0.471445,0.784395,1.385956,-0.984000,-2.465990,-8.758694
357,0.465983,1.417274,3.228631,-0.932733,-2.727706,-8.348440
358,0.466381,1.429513,3.214998,-0.858502,-2.757824,-8.450525
359,0.466132,1.423571,3.222215,-0.900238,-2.721734,-8.619257
360,0.493321,0.784395,1.279004,-0.965159,-2.518042,-9.008413
361,0.473775,0.784395,1.258262,-0.893534,-2.471108,-9.123920
362,0.471445,1.266462,2.698085,-0.868198,-2.745698,-7.769814
363,0.471302,1.285421,2.752404,-0.862308,-2.744204,-8.450525
364,0.513762,0.797334,1.110190,-0.994607,-2.702917,-8.619257
365,0.502596,0.785151,1.136626,-0.972656,-2.571643,-8.945075
366,0.471518,0.754583,1.079766,-0.971557,-2.467047,-9.008413
367,0.471445,0.784395,1.279004,-0.889432,-2.465990,-11.027784
368,0.466132,1.427185,3.222215,-0.880678,-2.721734,-8.251123
369,0.474883,0.785151,1.385283,-0.974754,-2.462951,-9.008413
370,0.471445,1.273612,2.698085,-0.810678,-2.774269,-7.850141
371,0.471445,0.784395,1.385956,-0.984000,-2.465990,-8.758694
372,0.465983,1.417274,3.228631,-0.932733,-2.727706,-8.348440
373,0.466381,1.429513,3.214998,-0.858502,-2.757824,-8.450525
374,0.466132,1.423571,3.222215,-0.900238,-2.721734,-8.619257
375,0.493321,0.784395,1.279004,-0.965159,-2.518042,-9.008413
376,0.473775,0.784395,1.258262,-0.893534,-2.471108,-9.123920
377,0.471445,1.266462,2.698085,-0.868198,-2.745698,-7.769814
378,0.471302,1.285421,2.752404,-0.862308,-2.744204,-8.450525
379,0.513762,0.797334,1.110190,-0.994607,-2.702917,-8.619257
380,0.502596,0.785151,1.136626,-0.972656,-2.571643,-8.945075
381,0.471518,0.754583,1.079766,-0.971557,-2.467047,-9.008413
382,0.471445,0.784395,1.279004,-0.889432,-2.465990,-11.027784
383,0.466132,1.427185,3.222215,-0.880678,-2.721734,-8.251123
384,0.474883,0.785151,1.385283,-0.974754,-2.462951,-9.008413
385,0.471445,1.273612,2.698085,-0.810678,-2.774269,-7.850141
386,0.471445,0.784395,1.385956,-0.984000,-2.465990,-8.758694
387,0.465983,1.417274,3.228631,-0.932733,-2.727706,-8.348440
388,0.466381,1.429513,3.214998,-0.858502,-2.757824,-8.450525
389,0.466132,1.423571,3.222215,-0.900238,-2.721734,-8.619257
390,0.493321,0.784395,1.279004,-0.965159,-2.518042,-9.008413
391,0.473775,0.784395,1.258262,-0.893534,-2.471108,-9.123920
392,0.471302,1.285421,2.752404,-0.862308,-2.744204,-8.450525
393,0.513762,0.797334,1.110190,-0.994607,-2.702917,-8.619257
394,0.502596,0.785151,1.136626,-0.972656,-2.571643,-8.945075
395,0.471518,0.754583,1.079766,-0.971557,-2.467047,-9.008413
396,0.471445,0.784395,1.279004,-0.889432,-2.465990,-11.027784
397,0.471445,1.266462,2.710419,-0.910129,-2.745698,-8.029470
398,0.471445,1.273612,2.698085,-0.810678,-2.774269,-7.850141
399,0.471445,0.784395,1.279004,-0.889432,-2.465990,-11.027784
400,0.474883,0.785151,1.385283,-0.974754,-2.462951,-9.008413
401,0.471445,0.784395,1.385956,-0.984000,-2.465990,-8.758694
402,0.465983,1.417274,3.228631,-0.932733,-2.727706,-8.348440
403,0.502596,0.785151,1.136626,-0.972656,-2.571643,-8.945075
404,0.466381,1.429513,3.214998,-0.858502,-2.757824,-8.450525
405,0.466132,1.423571,3.222215,-0.900238,-2.721734,-8.619257
406,0.493321,0.784395,1.279004,-0.965159,-2.518042,-9.008413
407,0.471302,1.285421,2.752404,-0.862308,-2.744204,-8.450525
408,0.473775,0.784395,1.258262,-0.893534,-2.471108,-9.123920
409,0.471445,1.266462,2.710419,-0.910129,-2.745698,-8.029470
410,0.513762,0.797334,1.110190,-0.994607,-2.702917,-8.619257
411,0.471518,0.754583,1.079766,-0.971557,-2.467047,-9.008413
412,0.474883,0.785151,1.385283,-0.974754,-2.462951,-9.008413
413,0.471445,1.273612,2.698085,-0.810678,-2.774269,-7.850141
414,0.471445,0.784395,1.385956,-0.984000,-2.465990,-8.758694
415,0.465983,1.417274,3.228631,-0.932733,-2.727706,-8.348440
416,0.466381,1.429513,3.214998,-0.858502,-2.757824,-8.450525
417,0.471302,1.285421,2.752404,-0.862308,-2.744204,-8.450525
418,0.493321,0.784395,1.279004,-0.965159,-2.518042,-9.008413
419,0.466132,1.423571,3.222215,-0.900238,-2.721734,-8.619257
420,0.473775,0.784395,1.258262,-0.893534,-2.471108,-9.123920
421,0.471445,1.266462,2.710419,-0.910129,-2.745698,-8.029470
422,0.513762,0.797334,1.110190,-0.994607,-2.702917,-8.619257
423,0.471445,0.784395,1.279004,-0.889432,-2.465990,-11.027784
424,0.502596,0.785151,1.136626,-0.972656,-2.571643,-8.945075
425,0.471518,0.754583,1.079766,-0.971557,-2.467047,-9.008413
426,0.471445,0.784395,1.279004,-0.889432,-2.465990,-11.027784
427,0.474883,0.785151,1.385283,-0.974754,-2.462951,-9.008413
428,0.471445,1.273612,2.698085,-0.810678,-2.774269,-7.850141
429,0.471445,0.784395,1.385956,-0.984000,-2.465990,-8.758694
430,0.465983,1.417274,3.228631,-0.932733,-2.727706,-8.348440
431,0.502596,0.785151,1.136626,-0.972656,-2.571643,-8.945075
432,0.466381,1.429513,3.214998,-0.858502,-2.757824,-8.450525
433,0.493321,0.784395,1.279004,-0.965159,-2.518042,-9.008413
434,0.466132,1.423571,3.222215,-0.900238,-2.721734,-8.619257
435,0.471302,1.285421,2.752404,-0.862308,-2.744204,-8.450525
436,0.473775,0.784395,1.258262,-0.893534,-2.471108,-9.123920
437,0.471445,1.273612,2.722380,-0.883803,-2.745698,-8.130219
438,0.471445,1.266462,2.710419,-0.910129,-2.745698,-8.029470
439,0.513762,0.797334,1.110190,-0.994607,-2.702917,-8.619257
440,0.471518,0.754583,1.079766,-0.971557,-2.467047,-9.008413
441,0.471445,0.784395,1.279004,-0.889432,-2.465990,-11.027784
442,0.474883,0.785151,1.385283,-0.974754,-2.462951,-9.008413
443,0.471445,1.273612,2.698085,-0.810678,-2.774269,-7.850141
444,0.471445,0.784395,1.385956,-0.984000,-2.465990,-8.758694
445,0.465983,1.417274,3.228631,-0.932733,-2.727706,-8.348440
446,0.502596,0.785151,1.136626,-0.972656,-2.571643,-8.945075
447,0.466381,1.429513,3.214998,-0.858502,-2.757824,-8.450525
448,0.493321,0.784395,1.279004,-0.965159,-2.518042,-9.008413
449,0.466132,1.423571,3.222215,-0.900238,-2.721734,-8.619257
450,0.471302,1.285421,2.752404,-0.862308,-2.744204,-8.450525
451,0.473775,0.784395,1.258262,-0.893534,-2.471108,-9.123920
452,0.471445,1.273612,2.722380,-0.883803,-2.745698,-8.130219
453,0.471445,1.266462,2.710419,-0.910129,-2.745698,-8.029470
454,0.513762,0.797334,1.110190,-0.994607,-2.702917,-8.619257
455,0.471518,0.754583,1.079766,-0.971557,-2.467047,-9.008413
456,0.474883,0.785151,1.385283,-0.974754,-2.462951,-9.008413
457,0.471445,1.273612,2.698085,-0.810678,-2.774269,-7.850141
458,0.471445,0.784395,1.385956,-0.984000,-2.465990,-8.758694
459,0.465983,1.417274,3.228631,-0.932733,-2.727706,-8.348440
460,0.502596,0.785151,1.136626,-0.972656,-2.571643,-8.945075
461,0.466381,1.429513,3.214998,-0.858502,-2.757824,-8.450525
462,0.493321,0.784395,1.279004,-0.965159,-2.518042,-9.008413
463,0.466132,1.423571,3.222215,-0.900238,-2.721734,-8.619257
464,0.471302,1.285421,2.752404,-0.862308,-2.744204,-8.450525
465,0.473775,0.784395,1.258262,-0.893534,-2.471108,-9.123920
466,0.471445,1.266462,2.710419,-0.910129,-2.745698,-8.029470
467,0.471445,1.273612,2.722380,-0.883803,-2.745698,-8.130219
468,0.513762,0.797334,1.110190,-0.994607,-2.702917,-8.619257
469,0.471518,0.754583,1.079766,-0.971557,-2.467047,-9.008413
470,0.474883,0.785151,1.385283,-0.974754,-2.462951,-9.008413
471,0.471445,1.273612,2.698085,-0.810678,-2.774269,-7.850141
472,0.471445,0.784395,1.385956,-0.984000,-2.465990,-8.758694
473,0.465983,1.417274,3.228631,-0.932733,-2.727706,-8.348440
474,0.502596,0.785151,1.136626,-0.972656,-2.571643,-8.945075
475,0.466381,1.429513,3.214998,-0.858502,-2.757824,-8.450525
476,0.466132,1.423571,3.222215,-0.900238,-2.721734,-8.619257
477,0.473775,0.784395,1.258262,-0.893534,-2.471108,-9.123920
478,0.493321,0.784395,1.279004,-0.965159,-2.518042,-9.008413
479,0.471302,1.285421,2.752404,-0.862308,-2.744204,-8.450525
480,0.471445,1.266462,2.710419,-0.910129,-2.745698,-8.029470
481,0.471445,1.273612,2.722380,-0.883803,-2.745698,-8.130219
482,0.513762,0.797334,1.105376,-0.994843,-2.702917,-7.787286
483,0.471518,0.754583,1.079766,-0.971557,-2.467047,-9.008413
484,0.513762,0.797334,1.105376,-0.994843,-2.702917,-7.787286
485,0.474883,0.785151,1.385283,-0.974754,-2.462951,-9.008413
486,0.471445,1.273612,2.698085,-0.810678,-2.774269,-7.850141
487,0.471445,0.784395,1.385956,-0.984000,-2.465990,-8.758694
488,0.465983,1.417274,3.228631,-0.932733,-2.727706,-8.348440
489,0.502596,0.785151,1.136626,-0.972656,-2.571643,-8.945075
490,0.466132,1.423571,3.222215,-0.900238,-2.721734,-8.619257
491,0.466381,1.429513,3.214998,-0.858502,-2.757824,-8.450525
492,0.473775,0.784395,1.258262,-0.893534,-2.471108,-9.123920
493,0.493321,0.784395,1.279004,-0.965159,-2.518042,-9.008413
494,0.471302,1.285421,2.752404,-0.862308,-2.744204,-8.450525
495,0.471445,1.266462,2.710419,-0.910129,-2.745698,-8.029470
496,0.471445,1.273612,2.722380,-0.883803,-2.745698,-8.130219
497,0.474883,0.785151,1.385283,-0.974754,-2.462951,-9.008413
498,0.471445,1.273612,2.698085,-0.810678,-2.774269,-7.850141
499,0.471445,0.784395,1.385956,-0.984000,-2.465990,-8.758694
500,0.465983,1.417274,3.228631,-0.932733,-2.727706,-8.348440
501,0.502596,0.785151,1.136626,-0.972656,-2.571643,-8.945075
502,0.466132,1.423571,3.222215,-0.900238,-2.721734,-8.619257
503,0.471445,1.266462,2.710419,-0.910129,-2.745698,-8.029470
504,0.466381,1.429513,3.214998,-0.858502,-2.757824,-8.450525
505,0.493321,0.784395,1.279004,-0.965159,-2.518042,-9.008413
506,0.473775,0.784395,1.258262,-0.893534,-2.471108,-9.123920
507,0.471302,1.285421,2.752404,-0.862308,-2.744204,-8.450525
508,0.513762,0.797334,1.105376,-0.994843,-2.702917,-7.787286
509,0.471445,1.273612,2.722380,-0.883803,-2.745698,-8.130219
510,0.513762,0.797334,1.105376,-0.994843,-2.702917,-7.787286
511,0.474883,0.785151,1.385283,-0.974754,-2.462951,-9.008413
512,0.471445,0.784395,1.385956,-0.984000,-2.465990,-8.758694
513,0.465983,1.417274,3.228631,-0.932733,-2.727706,-8.348440
514,0.502596,0.785151,1.136626,-0.972656,-2.571643,-8.945075
515,0.471445,1.273373,2.698085,-0.813090,-2.774269,-8.263150
516,0.473775,0.784395,1.258262,-0.893534,-2.471108,-9.123920
517,0.493321,0.784395,1.279004,-0.965159,-2.518042,-9.008413
518,0.466132,1.423571,3.222215,-0.900238,-2.721734,-8.619257
519,0.471302,1.285421,2.752404,-0.862308,-2.744204,-8.450525
520,0.471445,1.266462,2.710419,-0.910129,-2.745698,-8.029470
521,0.466381,1.429513,3.214998,-0.858502,-2.757824,-8.450525
522,0.513762,0.797334,1.105376,-0.994843,-2.702917,-7.787286
523,0.474883,0.785151,1.385283,-0.974754,-2.462951,-9.008413
524,0.471445,0.784395,1.385956,-0.984000,-2.465990,-8.758694
525,0.465983,1.417274,3.228631,-0.932733,-2.727706,-8.348440
526,0.502596,0.785151,1.136626,-0.972656,-2.571643,-8.945075
527,0.471445,1.273373,2.698085,-0.813090,-2.774269,-8.263150
528,0.473775,0.784395,1.258262,-0.893534,-2.471108,-9.123920
529,0.466381,1.429513,3.214998,-0.858502,-2.757824,-8.450525
530,0.466132,1.423571,3.222215,-0.900238,-2.721734,-8.619257
531,0.471445,1.266462,2.710419,-0.910129,-2.745698,-8.029470
532,0.493321,0.784395,1.279004,-0.965159,-2.518042,-9.008413
533,0.471302,1.285421,2.752404,-0.862308,-2.744204,-8.450525
534,0.513762,0.797334,1.105376,-0.994843,-2.702917,-7.787286
535,0.474883,0.785151,1.385283,-0.974754,-2.462951,-9.008413
536,0.471445,0.784395,1.385956,-0.984000,-2.465990,-8.758694
537,0.465983,1.417274,3.228631,-0.932733,-2.727706,-8.348440
538,0.502596,0.785151,1.136626,-0.972656,-2.571643,-8.945075
539,0.471445,1.273373,2.698085,-0.813090,-2.774269,-8.263150
540,0.473775,0.784395,1.258262,-0.893534,-2.471108,-9.123920
541,0.493321,0.784395,1.279004,-0.965159,-2.518042,-9.008413
542,0.466132,1.423571,3.222215,-0.900238,-2.721734,-8.619257
543,0.471445,1.266462,2.710419,-0.910129,-2.745698,-8.029470
544,0.471302,1.285421,2.752404,-0.862308,-2.744204,-8.450525
545,0.466381,1.429513,3.214998,-0.858502,-2.757824,-8.450525
546,0.513762,0.797334,1.105376,-0.994843,-2.702917,-7.787286
547,0.474883,0.785151,1.385283,-0.974754,-2.462951,-9.008413
548,0.471445,0.784395,1.385956,-0.984000,-2.465990,-8.758694
549,0.465983,1.417274,3.228631,-0.932733,-2.727706,-8.348440
550,0.502596,0.785151,1.136626,-0.972656,-2.571643,-8.945075
551,0.471445,1.273373,2.698085,-0.813090,-2.774269,-8.263150
552,0.466381,1.429513,3.214998,-0.858502,-2.757824,-8.450525
553,0.466132,1.423571,3.222215,-0.900238,-2.721734,-8.619257
554,0.471445,1.266462,2.710419,-0.910129,-2.745698,-8.029470
555,0.473775,0.784395,1.258262,-0.893534,-2.471108,-9.123920
556,0.493321,0.784395,1.279004,-0.965159,-2.518042,-9.008413
557,0.471302,1.285421,2.752404,-0.862308,-2.744204,-8.450525
558,0.513762,0.797334,1.105376,-0.994843,-2.702917,-7.787286
559,0.474883,0.785151,1.385283,-0.974754,-2.462951,-9.008413
560,0.471445,0.784395,1.385956,-0.984000,-2.465990,-8.758694
561,0.465983,1.417274,3.228631,-0.932733,-2.727706,-8.348440
562,0.502596,0.785151,1.136626,-0.972656,-2.571643,-8.945075
563,0.471445,1.273373,2.698085,-0.813090,-2.774269,-8.263150
564,0.466381,1.429513,3.214998,-0.858502,-2.757824,-8.450525
565,0.466132,1.423571,3.222215,-0.900238,-2.721734,-8.619257
566,0.471445,1.266462,2.710419,-0.910129,-2.745698,-8.029470
567,0.473775,0.784395,1.258262,-0.893534,-2.471108,-9.123920
568,0.493321,0.784395,1.279004,-0.965159,-2.518042,-9.008413
569,0.471302,1.285421,2.752404,-0.862308,-2.744204,-8.450525
570,0.474883,0.785151,1.385283,-0.974754,-2.462951,-9.008413
571,0.513762,0.797334,1.105376,-0.994843,-2.702917,-7.787286
572,0.471445,0.784395,1.385956,-0.984000,-2.465990,-8.758694
573,0.465983,1.417274,3.228631,-0.932733,-2.727706,-8.348440
574,0.471445,1.273373,2.698085,-0.813090,-2.774269,-8.263150
575,0.502596,0.785151,1.136626,-0.972656,-2.571643,-8.945075
576,0.493321,0.784395,1.279004,-0.965159,-2.518042,-9.008413
577,0.473775,0.784395,1.258262,-0.893534,-2.471108,-9.123920
578,0.471445,1.266462,2.710419,-0.910129,-2.745698,-8.029470
579,0.466132,1.423571,3.222215,-0.900238,-2.721734,-8.619257
580,0.471302,1.285421,2.752404,-0.862308,-2.744204,-8.450525
581,0.466381,1.429513,3.214998,-0.858502,-2.757824,-8.450525
582,0.474883,0.785151,1.385283,-0.974754,-2.462951,-9.008413
583,0.513762,0.797334,1.105376,-0.994843,-2.702917,-7.787286
584,0.471445,0.784395,1.385956,-0.984000,-2.465990,-8.758694
585,0.465983,1.417274,3.228631,-0.932733,-2.727706,-8.348440
586,0.471445,1.273373,2.698085,-0.813090,-2.774269,-8.263150
587,0.502596,0.785151,1.136626,-0.972656,-2.571643,-8.945075
588,0.466381,1.429513,3.214998,-0.858502,-2.757824,-8.450525
589,0.473775,0.784395,1.258262,-0.893534,-2.471108,-9.123920
590,0.471445,1.266462,2.710419,-0.910129,-2.745698,-8.029470
591,0.466132,1.423571,3.222215,-0.900238,-2.721734,-8.619257
592,0.493321,0.784395,1.279004,-0.965159,-2.518042,-9.008413
593,0.471302,1.285421,2.752404,-0.862308,-2.744204,-8.450525
